site_no,var,obs,pred
01054200,Q_mean,2.6910300668058205,2.4305753554910066
01055000,Q_mean,2.1864826888311177,2.3584680404767844
01055500,Q_mean,1.7497542328568627,1.7904346823194588
01059000,Q_mean,1.9124610961612176,1.9661860439287977
01073000,Q_mean,1.6474743696880312,1.5758116464232512
01073500,Q_mean,1.5728483156684336,1.619734136142019
01094400,Q_mean,1.8217615944676364,1.8808238123664083
01094500,Q_mean,1.9368115167191609,1.8121534899214522
01097000,Q_mean,1.7383932351785647,1.6758208691509755
01097300,Q_mean,1.5978790376504017,1.5789987371316214
01100600,Q_mean,1.5430730625208315,1.636635110563566
01101000,Q_mean,1.757502607618405,1.688075313577154
01101500,Q_mean,1.591941553965437,1.5869119688307283
01102000,Q_mean,1.5992750278847114,1.5897449159760255
01102500,Q_mean,1.5497020539043598,1.7155547685657822
01103500,Q_mean,1.690058756230627,1.4929289535916248
01104200,Q_mean,1.3533279867304937,1.5897618047639235
01104500,Q_mean,1.309416511182215,1.5644745664271347
01105000,Q_mean,1.8624139961982955,1.6657138021120794
01105500,Q_mean,2.178046788233676,1.7877162935347373
01105600,Q_mean,1.7589542738955264,1.6747617342373844
01105730,Q_mean,2.0126042972765226,1.6361918089885028
01105870,Q_mean,1.6191397744329734,1.883384071696068
01109000,Q_mean,1.6738110120821252,1.8548933492513886
01109060,Q_mean,1.8423370378212178,1.7553995770132262
01109070,Q_mean,2.0178748706369243,1.7148062082514484
01110000,Q_mean,1.597330250885328,1.820330939896273
01111300,Q_mean,1.8583224826871483,1.8549300931757728
01111500,Q_mean,1.8899866440105992,1.879865262457887
01112500,Q_mean,1.9606708816326706,1.7957495776416885
01114000,Q_mean,1.6462632872382055,1.8106694859663734
01114500,Q_mean,1.9465644661092951,1.8918169733433379
01116000,Q_mean,1.9848136925349131,1.8469992758977851
01117000,Q_mean,2.044862898895527,1.7030494834771037
01117468,Q_mean,1.9961631323659281,1.9398224805301016
01117500,Q_mean,1.8970225808377492,1.8934113274531799
01117800,Q_mean,2.022679710298894,1.916222434603317
01118000,Q_mean,2.01898527255191,1.9563662278100333
01118300,Q_mean,2.133817258676216,1.980051381984986
01119500,Q_mean,1.7902349022868544,1.8546540843539565
01121000,Q_mean,1.9429217450963239,1.8553899805783731
01122500,Q_mean,1.8145205356026894,1.8504102187540714
01123000,Q_mean,1.7886733451363195,1.886629337819818
01127500,Q_mean,1.8448652167637412,1.892794784923281
01134500,Q_mean,2.024890349417142,2.0143374407817034
01135500,Q_mean,1.8106709826350702,1.7435545848481984
01137500,Q_mean,2.372850618350665,3.1585786219961283
01139000,Q_mean,1.6562678802328108,1.746129341170492
01139800,Q_mean,1.8224400899660027,1.9875904675807132
01142500,Q_mean,1.703221020408376,1.7301904930889171
01162000,Q_mean,1.798387144527214,1.8251254992116788
01162500,Q_mean,1.8402036601048226,1.8576112507395681
01163200,Q_mean,1.8361032858693305,1.7784409864022521
01166500,Q_mean,1.79200596709079,1.7789359296568268
01169000,Q_mean,2.2256206937368765,2.0223300432428837
01169900,Q_mean,2.1859510810496574,1.9342212723953265
01170100,Q_mean,2.1486565483909956,2.090830216641831
01173500,Q_mean,1.660785546093308,1.7798053765256485
01174500,Q_mean,1.7764913596369531,1.814799163822121
01175670,Q_mean,1.6340495391275582,1.7943055617673977
01176000,Q_mean,1.7387512660754758,1.763714121394424
01181000,Q_mean,2.097895666360447,2.3130037943723636
01183500,Q_mean,1.9190998363559473,1.9885845442093804
01184100,Q_mean,1.9604929341815815,1.568108395282507
01185500,Q_mean,2.04304130809419,2.054628358821546
01186500,Q_mean,1.943231847974952,1.9523910261746886
01187300,Q_mean,1.9769168097731904,2.0838013647238243
01188000,Q_mean,2.052497381876395,1.961841781675182
01192883,Q_mean,1.9563846455125322,1.86782328612513
01193500,Q_mean,1.7849876908829958,1.8579317496968197
01197000,Q_mean,1.857234006463937,2.048735791662826
01197500,Q_mean,1.8742731704350393,1.8997031619720222
01199000,Q_mean,1.764080956433524,1.8538938400334317
01199050,Q_mean,1.6987104682031797,1.8706578147060808
01200500,Q_mean,1.7207911692914037,1.7871566212671643
01208873,Q_mean,1.475292733216999,1.633635572106936
01208950,Q_mean,1.7712802499250064,1.5754475673420665
01208990,Q_mean,1.866706755403626,1.8015969118600292
01209700,Q_mean,1.8438101159175742,1.701950590466318
01303500,Q_mean,0.35249244998000206,1.2154897119770658
01304500,Q_mean,0.4645191836191379,0.8130325800838146
01305000,Q_mean,0.31710113895068837,0.8566646602109357
01305500,Q_mean,1.4005316148593467,1.230213772549067
01306460,Q_mean,1.1489368814389398,0.9808132255848897
01306500,Q_mean,1.318918683752457,0.9479418793653535
01308000,Q_mean,0.4003543749270906,1.0386813652244085
01308500,Q_mean,0.6230307400780759,0.8166128658529881
01311500,Q_mean,0.36111452568076524,1.2720136628393621
01331500,Q_mean,1.9233740507970032,1.9671793327777205
01332500,Q_mean,2.157046312125038,1.997519359968355
01333000,Q_mean,1.959998226966888,1.9921704862769651
01334000,Q_mean,1.9236129193018203,2.0712258066937177
01334500,Q_mean,1.93381900242684,1.9076268650254433
01350000,Q_mean,2.04997529090216,1.8931940941710437
01350120,Q_mean,1.1609072361722157,1.3286370986330998
01350140,Q_mean,1.452321897185282,1.4216092325840533
01350180,Q_mean,1.156638791623516,1.6932270541091368
01350355,Q_mean,1.3086339977418933,1.4520691815989586
01351500,Q_mean,1.3413690114613535,1.4994039773247467
01357500,Q_mean,1.7038512138306996,1.8406029829881214
01362200,Q_mean,2.320804647489417,2.732815704881894
01362500,Q_mean,3.5911544277093124,2.270066590934355
01365000,Q_mean,2.6932282093498983,2.687194346258755
01377500,Q_mean,1.7807381314993502,1.50454737354357
01378500,Q_mean,0.5109441631378531,1.5569708208362147
01379530,Q_mean,1.1130952151320515,1.593311102236958
01381000,Q_mean,1.3242306721057067,1.806070876121975
01381500,Q_mean,1.954630069747191,1.7204981756565891
01381900,Q_mean,1.7761232133363416,1.7190040173944667
01383500,Q_mean,1.8769602205466953,1.8513564395192075
01387400,Q_mean,1.835196575529947,1.7890787831405597
01387420,Q_mean,1.7790864083591638,1.8271837685985968
01388000,Q_mean,1.726580071026231,1.7524785693340628
01390500,Q_mean,1.4071262682148453,1.677663172382838
01391500,Q_mean,1.8526514326234045,1.5319694106443265
01393450,Q_mean,1.5421030379984946,1.4662165308853143
01394500,Q_mean,1.3770070850123317,1.433521216889762
01395000,Q_mean,1.3840093760353132,1.4055022360914056
01396500,Q_mean,1.9386514065301796,1.8163355478391254
01396582,Q_mean,1.7078430850808526,1.7928215483354795
01396660,Q_mean,1.613878952942206,1.7572811715898973
01398000,Q_mean,1.6089487482564246,1.5808865846784743
01398500,Q_mean,1.819494734797354,1.7790919851544245
01399500,Q_mean,1.7077255969507212,1.8668736178862126
01400000,Q_mean,1.733130010623937,1.7662499305681576
01401000,Q_mean,1.5638603649468388,1.5213820331506778
01401650,Q_mean,1.6762954576292366,1.5767363026215344
01402000,Q_mean,1.5340151525326629,1.515370327780994
01403150,Q_mean,1.6402167444463878,1.6527154917241207
01403400,Q_mean,1.5533952948152911,1.5801655336269425
01403540,Q_mean,1.722468492588241,1.4858646099810868
01405400,Q_mean,1.5189876592028295,1.5036890305647121
01407500,Q_mean,0.9773659811206374,1.30454667342256
01407705,Q_mean,1.5946642047232775,1.4153639833653588
01407760,Q_mean,1.520872774316319,1.5042594518640695
01408000,Q_mean,1.5766392284521558,1.4423898063146077
01408120,Q_mean,1.6254343367559072,1.496570945205879
01408500,Q_mean,1.585382354358315,1.417875005792652
01409400,Q_mean,2.1459880504699522,1.3092320288859045
01410000,Q_mean,1.0676095987942869,1.1746113992356826
01410150,Q_mean,1.1541833873112688,1.1673201557714574
01411000,Q_mean,1.4515693976664834,1.3643442906229775
01411300,Q_mean,1.2391560213411348,1.3245846039500606
01413500,Q_mean,1.931752794230994,1.8284241859763077
01414500,Q_mean,2.223862780359464,2.097129205399018
01415000,Q_mean,1.7827036628128854,1.7102750504829676
01420500,Q_mean,2.3850680533988267,2.0631145287230024
01427510,Q_mean,1.5769650728468818,1.7333149668182977
01428500,Q_mean,1.6040457310164817,1.6879960237352858
01435000,Q_mean,2.925616014417308,2.6841675677344066
01437500,Q_mean,1.5941094737172121,2.109673264315074
01439500,Q_mean,2.0280915684639877,1.8551158504396421
01440000,Q_mean,1.7756483602285602,1.656762011609006
01440400,Q_mean,2.068470748783455,2.05533159823007
01442500,Q_mean,2.137802400826584,1.996381713684698
01447500,Q_mean,2.044726709681116,2.0425291948343802
01447680,Q_mean,2.26934637729352,2.195356408877093
01447720,Q_mean,2.248770907857131,2.106442696931497
01447800,Q_mean,2.173988882732561,2.0508255343175907
01449360,Q_mean,2.0131985221290374,2.012758830657308
01450500,Q_mean,1.954727191376696,1.8084535666811723
01451000,Q_mean,2.0764372146077057,1.9497696547081593
01451500,Q_mean,1.3617921085703941,1.5721828728850664
01451800,Q_mean,1.8124579503632978,1.6657842261444713
01452000,Q_mean,1.6387776848752622,1.661826396927947
01452500,Q_mean,1.4171704272656067,1.5675740006959977
01464000,Q_mean,1.6359283074692534,1.5161850333342826
01464500,Q_mean,1.5869169237888707,1.3914694410140738
01465500,Q_mean,1.6218879039802319,1.5263126141149788
01465798,Q_mean,1.4550244118733957,1.5812216952226106
01466500,Q_mean,0.8794396606339369,1.1428823525513023
01467000,Q_mean,1.2472111567197448,1.3655292742797855
01467048,Q_mean,1.7093188398410157,1.4926213430919377
01467081,Q_mean,1.9887733829387892,1.4838877735151634
01467150,Q_mean,1.5822890659204898,1.4320126659157992
01470779,Q_mean,1.5875254276426525,1.43630510931258
01472000,Q_mean,1.73512140563027,1.6114763883380276
01472157,Q_mean,1.486546164337733,1.5165211221348849
01472198,Q_mean,1.6367450633478327,1.5650962684549239
01472199,Q_mean,1.6513003006949307,1.579196182240423
01473000,Q_mean,1.656087967734476,1.472592938220587
01474000,Q_mean,1.7186797812135457,1.5100747763470297
01475850,Q_mean,1.4747374368688135,1.4957119346701597
01477000,Q_mean,1.6475215149922495,1.4996923625606031
01477120,Q_mean,1.4661033771560343,1.2303620451541322
01477800,Q_mean,1.4352759493508978,1.4600670467360841
01478000,Q_mean,1.3813527981618494,1.419009164714608
01480000,Q_mean,1.3524681398714296,1.516507433922316
01480300,Q_mean,1.4670149338420326,1.4416270608433437
01480617,Q_mean,1.4170369189122753,1.5356947469501614
01480675,Q_mean,1.4853587410071498,1.5331375459282293
01480700,Q_mean,1.5125053781080222,1.5491864271455877
01480870,Q_mean,1.6219532190697603,1.5014775640097118
01481500,Q_mean,1.503073218484401,1.4755925364825522
01483200,Q_mean,1.1942354201163219,1.074620306976229
01483700,Q_mean,1.2614920854935336,1.1833007156760103
01484100,Q_mean,1.0106015083866615,1.1877364101440198
01485000,Q_mean,1.3755304576889298,1.073062217097056
01485500,Q_mean,0.9484110092928206,1.209919390043415
01486000,Q_mean,1.2182564211078886,1.0912900078687562
01493000,Q_mean,1.3531323329268934,1.1311528253357055
01493500,Q_mean,0.911705689908177,1.1270320323801755
01495000,Q_mean,1.3216272811531338,1.4779007985039436
01516350,Q_mean,1.3557369426911468,1.2968106063751057
01516500,Q_mean,1.0404856986707771,1.3622972296036648
01521500,Q_mean,1.1338843597306938,1.1023979180549484
01523500,Q_mean,1.1645903292045794,1.182126642324044
01524500,Q_mean,1.02164979564127,1.078295210362597
01534300,Q_mean,1.9564679175915736,2.010861000050461
01534500,Q_mean,1.8557126364071932,1.8684551274417733
01536000,Q_mean,1.3749387612217938,1.755646498172749
01538000,Q_mean,1.67195979906176,1.5811879587943947
01539000,Q_mean,1.7716913099752525,1.7720517168037646
01542810,Q_mean,1.585127316928724,1.6642061945344635
01544500,Q_mean,1.6207274406621843,1.5526082291140626
01545000,Q_mean,1.5660532392719058,1.5632895512616602
01545600,Q_mean,1.5298552226110724,1.5710674847543173
01546500,Q_mean,1.15528403920858,1.3713507692392262
01547100,Q_mean,1.5312993591932476,1.2045165743353803
01547200,Q_mean,1.4984159434848183,1.2957154896500764
01547700,Q_mean,1.3292728299295082,1.3310735981888469
01549500,Q_mean,1.5267814048074357,1.4233208100138675
01552500,Q_mean,2.0076194242950693,2.0245567145031766
01557500,Q_mean,1.5985869456325206,1.4788821484622043
01558000,Q_mean,1.6411561338824456,1.476365544879813
01559000,Q_mean,1.3474279653847117,1.2777157888188877
01567500,Q_mean,1.3088483865071825,1.401407742488582
01568000,Q_mean,1.4208993896047892,1.4196252904891058
01574000,Q_mean,1.2643104690322633,1.1297168786934257
01576500,Q_mean,1.3799766296953635,1.3845138532454213
01580000,Q_mean,1.342960116942472,1.3376164174190484
01581700,Q_mean,1.4078616732972533,1.4527712638817796
01582000,Q_mean,1.255824152832634,1.3141850322371655
01582500,Q_mean,1.2251722236645177,1.2264723126617099
01583500,Q_mean,1.165420389077759,1.1384711145105586
01584050,Q_mean,1.1879390191564176,1.4343160089575848
01585100,Q_mean,1.744926436705181,1.3897364189450925
01585500,Q_mean,0.8565847678669636,1.1077383843447959
01586000,Q_mean,1.152642542304104,1.0197672433891292
01591000,Q_mean,1.1414906630170318,1.1366410918311691
01591400,Q_mean,1.098488135486452,1.0423071935145136
01591610,Q_mean,1.0678958202742224,1.083637807302329
01591700,Q_mean,1.0478981949450885,1.0564119593145893
01592500,Q_mean,0.567644607822551,1.1378739673609453
01593500,Q_mean,1.2357922225298308,1.1850586066460078
01594440,Q_mean,1.0659869045220476,1.0879316096067624
01596500,Q_mean,1.5614989147231113,1.6352535936340178
01597500,Q_mean,1.5701690755570283,1.5831175398351498
01603000,Q_mean,1.5013887627383098,1.461616586591371
01613050,Q_mean,1.2184955758540237,1.097073975787133
01615000,Q_mean,0.921124098614845,0.8523762183007649
01616500,Q_mean,0.9386356853043863,0.888489392170504
01617800,Q_mean,0.6027949287592073,0.9285787665272899
01620500,Q_mean,1.6204917756620176,1.2885581067614313
01632900,Q_mean,0.7738068204325401,0.8916241373759347
01633000,Q_mean,0.786972821951138,0.830998218284376
01634000,Q_mean,0.7934489703675466,0.8249951178819371
01634500,Q_mean,0.9894120493971439,0.981550601645018
01635500,Q_mean,0.8539284676032396,0.9680540633888146
01648000,Q_mean,1.2802233322980203,1.178775854410779
01649500,Q_mean,1.2354892111476352,1.119112536975742
01651000,Q_mean,1.1202574479510385,1.1865879291353916
01653600,Q_mean,1.117077965632026,0.9897250090204872
01654000,Q_mean,1.2783691725785762,1.2027010494525614
01656000,Q_mean,0.9098495736619804,1.0290923873357047
01658500,Q_mean,0.9443645013248672,1.0015775676342173
01660400,Q_mean,0.9215265321084709,0.9838178527372228
01661050,Q_mean,1.0194365777007641,1.2457239058927425
01661500,Q_mean,1.0959092611185974,1.0713185948575548
01662800,Q_mean,1.0271930935537148,1.1184761087100836
01665500,Q_mean,1.3635695187120611,1.5635198609243945
01667500,Q_mean,1.185991802290604,1.1908283004921227
01668000,Q_mean,1.0585295475264975,1.0843445876128264
01669000,Q_mean,1.073867113915693,1.0739232051805503
01671100,Q_mean,0.7991773385499521,0.937999990507273
01673550,Q_mean,1.0325706636773826,1.074415420281242
02011400,Q_mean,1.0208798659488225,1.315904047865586
02011460,Q_mean,1.4268055472931875,1.5391687149530828
02011500,Q_mean,1.3066970096177881,1.4867505321770165
02015700,Q_mean,1.375525776268207,1.204593575891744
02016000,Q_mean,1.1792169948421827,1.1543748252336146
02016500,Q_mean,1.175833712626654,1.172763685539076
02019500,Q_mean,1.1743813175432463,1.1326645824201145
02020500,Q_mean,1.2157644599359285,1.2310956807273743
02021500,Q_mean,1.1972826709120752,1.1820576719120883
02024000,Q_mean,1.0676925406376028,1.1572018033281497
02036500,Q_mean,0.8080787763771529,0.9107403104419656
02038850,Q_mean,0.8716705632832548,1.0267074980556454
02039000,Q_mean,0.8836489802207284,0.8953822619989008
02053500,Q_mean,0.8889630570088825,1.1803042341621126
02056000,Q_mean,1.0501900743217347,1.000275119509274
02056650,Q_mean,1.060050240613439,1.0213854260956488
02056900,Q_mean,1.1268646401359859,1.0821274354861508
02077200,Q_mean,0.951124763881945,0.8992228017657207
02077303,Q_mean,0.7066091058018944,0.9428436836730628
02077670,Q_mean,0.6794519366412863,0.8951537324971397
02093800,Q_mean,1.0710345106647092,0.9436340312732496
02094500,Q_mean,0.7064843959060294,1.017510809092722
02099000,Q_mean,1.38254862869054,1.0255005799524912
02102908,Q_mean,1.4005781274268403,1.0652967821787627
02111000,Q_mean,1.7308237413342002,1.7154510217272099
02111180,Q_mean,1.8200085171054572,1.626566161435168
02111500,Q_mean,1.4894806488496986,1.584083315803266
02142000,Q_mean,1.2751157338557806,1.425172439070413
02142900,Q_mean,1.101586325236968,1.1578243277397726
02143040,Q_mean,1.7121923264090253,1.4434790988068609
02143500,Q_mean,1.0948570100948236,0.9989295062522267
02144000,Q_mean,0.8480435778984599,0.9943732486758194
02146300,Q_mean,1.478843180900933,1.3407561870072748
02146507,Q_mean,1.8419128832325098,1.2242844883018509
02146600,Q_mean,1.0998427791575014,1.2487531886388201
02146700,Q_mean,1.1828028383920293,1.4195596719358172
02146750,Q_mean,1.2306234460137317,1.2016694999227777
02147500,Q_mean,0.6962378651837589,1.0263474586439487
02162093,Q_mean,1.4989939451941816,1.1916641319339174
02231600,Q_mean,0.6906011527993035,0.7293890539808985
02232000,Q_mean,0.6391475673623115,0.7445893212252429
02232400,Q_mean,0.732647487685442,0.737247979825931
02232500,Q_mean,0.752071700717859,0.7552847659762637
02234000,Q_mean,0.8591785559454808,0.7185142838758003
02234324,Q_mean,0.8370707859630707,0.8658563048022643
02234990,Q_mean,0.7901187466107469,0.9112338499005801
02235000,Q_mean,1.5640523762477923,0.6494036736214562
02237293,Q_mean,0.15506066555847467,0.5893874375776139
02247510,Q_mean,0.8389410770652096,0.7978101123833856
02248000,Q_mean,0.7796045382753394,0.7471162051493355
02262900,Q_mean,0.9320040389981828,0.8547858880998678
02263800,Q_mean,0.9553786282746728,0.7953133983497955
02263869,Q_mean,0.2894344158260118,0.8050290021243732
02264100,Q_mean,0.6843916516973303,0.7899418288826376
02266200,Q_mean,0.7225434302832978,0.5874033937839004
02266300,Q_mean,0.5594156190630938,0.5267445065330688
02266480,Q_mean,0.9568752247858544,0.6862787514936686
02270500,Q_mean,0.7236751617652385,0.7298588490019702
02271500,Q_mean,0.5397045307448421,0.7580966470525342
02301900,Q_mean,1.0543338462612066,0.785703357328174
02302500,Q_mean,0.7903391772781057,0.759416740435192
02303000,Q_mean,0.8476792855123586,0.5564205519756071
02303330,Q_mean,0.6717963741973575,0.6091842971318356
02303400,Q_mean,0.3450641894656483,0.6246881959306889
02303420,Q_mean,0.4267535595328683,0.47822415718719824
02303800,Q_mean,0.46263068599598395,0.5198919174670906
02304500,Q_mean,0.39298269933857344,0.5940632593297934
02306500,Q_mean,1.1947730424385776,0.8638215908258352
02307000,Q_mean,0.9821559286987965,0.850010825325589
02307359,Q_mean,0.5982758201756151,0.8109672333817921
02310000,Q_mean,0.890522906386445,0.5726799853907328
02310947,Q_mean,0.4647135900122055,0.6320507697963087
02312000,Q_mean,0.45797864675824085,0.5391957328487635
02312200,Q_mean,0.37225462875795756,0.5005272413956344
02312500,Q_mean,0.41212396317243283,0.4263195302547439
02312700,Q_mean,0.41650862122269106,0.6199212499249677
02312720,Q_mean,0.3229600079700364,0.3839584683672962
02313000,Q_mean,0.3811768769602206,0.35198510542017675
02313230,Q_mean,0.19015663210626832,0.4295542990040031
02324000,Q_mean,0.9045002960912244,0.8198365413314227
02324400,Q_mean,0.587774643246092,0.9203528249406268
02325000,Q_mean,1.0460089550780212,0.7348533551497063
02326000,Q_mean,0.6154333988892776,0.94337090484441255
02327100,Q_mean,1.598152031042729,1.3671915517181994
02330450,Q_mean,2.832351136367614,2.820868968846794
02331600,Q_mean,2.222737104254157,2.4015910651600207
02337500,Q_mean,1.1754651520327126,1.2072905585975324
02338660,Q_mean,1.0814878528022198,1.0841801735332368
02349900,Q_mean,0.7649605458183348,0.9654290056532283
02381600,Q_mean,3.782682010929106,1.7588490487110904
02382200,Q_mean,1.2953549341149218,1.8257540382835993
02430085,Q_mean,1.639927339163581,1.6696902292117564
02430880,Q_mean,1.507238752955235,1.6043762021987993
02465493,Q_mean,1.1387422498312665,1.2886978196147403
02479130,Q_mean,1.5952354299201357,1.6052361276222415
02479155,Q_mean,1.6246745246390049,1.6795569773396706
02479300,Q_mean,1.8548122654359565,1.7384240316267006
03011800,Q_mean,1.9402262267189947,1.9153723153105997
03014500,Q_mean,1.9877947296603664,1.9294363455149697
03015000,Q_mean,1.9477939956566845,1.91563715664897
03016000,Q_mean,1.8250574371402748,1.7331568976385936
03021350,Q_mean,2.307288041662501,1.8809152372181914
03024000,Q_mean,1.827245173026447,1.795962240389644
03026500,Q_mean,1.7995932957475087,1.990303260330566
03028000,Q_mean,1.9810950326925423,1.8642919120446895
03049800,Q_mean,1.1520310640560947,1.1961311664365255
03052500,Q_mean,1.8809279637032943,1.8701853577583663
03053500,Q_mean,2.211994515573927,2.247461930593289
03076600,Q_mean,1.8157552258649146,1.9706548730893247
03078000,Q_mean,1.918310255076576,1.8846047908332078
03079000,Q_mean,1.7103476174736687,1.6789128229301193
03080000,Q_mean,2.1925627846215376,1.8905473454508854
03081000,Q_mean,1.9261953949438382,1.8857333016108964
03117000,Q_mean,1.0138296051728157,1.0737851893856527
03117500,Q_mean,1.142673402486835,1.1252610536131924
03118000,Q_mean,1.0346102867171745,1.164407229565434
03118500,Q_mean,1.3782016616734154,1.0896273526147622
03139000,Q_mean,1.028364579979502,1.075944846694616
03140000,Q_mean,1.0638737212591238,1.1326337550298282
03157000,Q_mean,1.0440892463795284,1.0909785157847411
03157500,Q_mean,1.0604355154651202,1.1278650951612192
03159500,Q_mean,1.103832490648852,1.1619067639041951
03165000,Q_mean,1.769806184254963,1.5194126923142504
03170000,Q_mean,1.1699235585733085,1.14661601162641
03206600,Q_mean,1.2594959291848753,1.4900804703822024
03210000,Q_mean,1.1712805395716979,1.206817577898349
03237280,Q_mean,1.1026316403494942,1.2939583991755783
03274650,Q_mean,1.2033536129470388,1.1484521099626206
03275600,Q_mean,1.2070604245554608,1.1106917453803402
03291780,Q_mean,1.4587819180394455,1.4530688045941274
03293000,Q_mean,1.4069635674226582,1.4213537327119676
03294000,Q_mean,1.2943766924765856,1.3214527105766682
03298000,Q_mean,1.4941583071236006,1.3869262813751992
03298500,Q_mean,1.3955719651743201,1.3199687125424475
03302000,Q_mean,1.4661039222494419,1.3135847398819762
03302220,Q_mean,1.2155100865871749,1.3358181582619921
03302680,Q_mean,1.394201135540613,1.292745161775246
03302800,Q_mean,1.232461048276422,1.3580860244990525
03303000,Q_mean,1.5409169700738254,1.31551565208798
03326500,Q_mean,1.0417034109693197,1.0345581194072822
03327500,Q_mean,1.0087699217682398,1.034795441351872
03335500,Q_mean,1.016448872116955,1.0242885065967477
03337000,Q_mean,1.097447027799304,1.2037485738956821
03340800,Q_mean,1.0896894071467857,1.1725443681530898
03341300,Q_mean,1.1812860673798597,1.1792290885774983
03347000,Q_mean,1.1050836129262074,1.0710730144860354
03349000,Q_mean,1.1383797294145592,1.1114925534768676
03350700,Q_mean,1.1255787182906716,1.1683130830480883
03351000,Q_mean,1.1417603548103528,1.1444188901123196
03351310,Q_mean,1.1556894957650068,1.243333003048726
03351500,Q_mean,1.2860173374829187,1.1523715760765343
03352500,Q_mean,1.1697274887657063,1.2055865641499535
03353120,Q_mean,1.1339398214616039,1.2883235407642168
03353200,Q_mean,1.1072047925584192,1.1678197534642467
03353600,Q_mean,1.260911955246142,1.198462795147727
03353620,Q_mean,1.43929108419783,1.200324995869399
03353800,Q_mean,1.1555752902522258,1.1748897060771826
03357350,Q_mean,1.1822372125620775,1.2012031603348352
03358000,Q_mean,1.2145294546420364,1.2423920001595072
03360000,Q_mean,1.1926029708654136,1.2238559931466884
03361500,Q_mean,1.2399275536508845,1.2047283805494797
03361650,Q_mean,1.1552986363446986,1.2098838199976258
03361850,Q_mean,1.2743315037204612,1.2116300298592693
03362000,Q_mean,1.3471839489238573,1.2066561238876081
03362500,Q_mean,1.195131500976985,1.2366236411627005
03363500,Q_mean,1.2182073384369898,1.2333274319842087
03363900,Q_mean,1.1807576798111858,1.23639370327569
03364000,Q_mean,1.2236481167924873,1.2273490881226676
03364500,Q_mean,1.2379757093311503,1.2709562059400754
03365500,Q_mean,1.286166902759724,1.2382633216340386
03366500,Q_mean,1.3582883471715321,1.3821135013517782
03368000,Q_mean,1.3919480210678894,1.4442949026889005
03369500,Q_mean,1.2816031479539547,1.4114760543850773
03378550,Q_mean,1.2201250201888953,1.2702082333756803
03431700,Q_mean,1.5276437601608266,1.3502524540597358
03478400,Q_mean,1.2312745583257874,1.1933328875149674
03611260,Q_mean,1.3315053733459994,1.2971811296679476
03612000,Q_mean,1.307161876949805,1.2908033995032986
04024430,Q_mean,0.8884170712491252,0.8098323687409748
04025500,Q_mean,1.4042895298041762,0.8832742321368083
04037500,Q_mean,0.8047224303382159,1.2478534750512282
04043050,Q_mean,1.4125009183477473,1.302345786947983
04057510,Q_mean,0.9530882941733447,1.1670462057301225
04057800,Q_mean,1.1598972474068778,0.9854322680152572
04087030,Q_mean,0.9571705900909911,0.8692797097456596
04087088,Q_mean,0.8875934512007134,0.9800609275358149
04087120,Q_mean,0.9586419036658838,0.9170853689788491
04087204,Q_mean,0.9988277269334762,0.999499098568821
04087220,Q_mean,0.8932267150951573,0.9713288876391389
04087240,Q_mean,0.8547858909046593,0.9121457431121688
04087257,Q_mean,1.010448297411925,0.8898548843150901
04093000,Q_mean,1.1133596367467424,1.015493637166652
04094000,Q_mean,1.2798458429219575,1.1077701219535745
04096405,Q_mean,0.8672098678465481,0.9337039184792023
04096515,Q_mean,0.8630073624450056,0.9409939958672241
04097540,Q_mean,0.8395290119363066,0.9479114113725585
04099000,Q_mean,0.957777734195331,0.9407016059213529
04099510,Q_mean,0.8732846250708263,0.9547197000787871
04099750,Q_mean,0.9934012797991039,0.8933442765707941
04100222,Q_mean,0.9202923480865421,0.9225209223743901
04100500,Q_mean,0.9591952829321234,0.9497516341206031
04105700,Q_mean,1.1242287937518751,0.8838425008843142
04106400,Q_mean,0.36219003344457235,1.0644912359392165
04108600,Q_mean,0.9647195529447053,1.1379369525567944
04112000,Q_mean,0.6253697406675996,0.779395136705192
04121300,Q_mean,0.5997674599581708,0.9502225862676489
04121500,Q_mean,0.7552687607072626,0.7613120755345951
04122100,Q_mean,0.9838406701100725,1.0215376735394446
04127800,Q_mean,2.6480098940043493,1.0327920492480096
04127997,Q_mean,1.1271521402338938,1.2647348878309486
04128990,Q_mean,1.2820619058448326,1.2070494708852446
04135700,Q_mean,0.5253330851789623,0.8405783156622848
04136500,Q_mean,0.7020610127820551,0.886061804643427
04146000,Q_mean,0.7046963914983503,0.7179851562581205
04146063,Q_mean,0.7379458554957001,0.7110334549613134
04147500,Q_mean,0.6929050078587315,0.7209720949193261
04148140,Q_mean,0.6768552317101624,0.7325653854650509
04148500,Q_mean,0.7345339287592073,0.7262078588253061
04163400,Q_mean,0.8656752556538129,0.9179978434243518
04164100,Q_mean,0.7469114810914745,0.7370324793358584
04164300,Q_mean,0.6554297831154384,0.7549642704620534
04164500,Q_mean,0.7197564759836519,0.7736721628348003
04166100,Q_mean,0.8948943786927892,0.901471841832367
04166300,Q_mean,1.0174576984827917,0.8508749715543692
04166500,Q_mean,0.8417656809152422,0.9503521593229288
04285500,Q_mean,2.025974924797103,2.008469880778455
04286000,Q_mean,1.6213872047816047,1.7883190506471882
04287000,Q_mean,1.7476591666958303,1.8428434356952563
04288000,Q_mean,1.9989666305869416,2.2159796441923745
04290500,Q_mean,1.8450852812864544,1.9058281428142156
04296000,Q_mean,1.780234378597556,1.8285312337735065
05287890,Q_mean,0.4988630104885343,0.7713084060380381
05426250,Q_mean,0.7880642911559234,0.8891567393214078
05427948,Q_mean,0.3706933125958238,1.0669901370034955
05430150,Q_mean,1.3059007430506946,0.7558482876687389
05431486,Q_mean,0.8002837489646867,0.8936619459714705
05448000,Q_mean,0.8621406782387191,0.8602518447134021
05451700,Q_mean,0.8547195378316337,0.8149135685993218
05451900,Q_mean,0.8301470394181408,0.8211217660446024
05452000,Q_mean,0.8277613716719544,0.8741420180145864
05452200,Q_mean,0.7957590186034066,0.8424851230038243
05453000,Q_mean,0.8307134834157351,0.8337957002265952
05466500,Q_mean,0.8256429234743193,0.8357908428516903
05467000,Q_mean,0.8262062862929681,0.8433841670858159
05469000,Q_mean,0.8343715928576537,0.854108876338455
05484800,Q_mean,0.8398244503570476,0.8051737384278209
05503800,Q_mean,0.7459228176494855,0.9179958628738527
05515500,Q_mean,1.04639913049945,1.1096551877700531
05516500,Q_mean,0.9384364272468578,1.0083245889054124
05517000,Q_mean,0.9683827929373731,1.0174137395159544
05517500,Q_mean,1.052530792724894,1.0318258876024344
05517530,Q_mean,1.0434569555127822,1.0309973338549436
05518000,Q_mean,1.0416511392756558,1.0279260419510672
05527800,Q_mean,0.8445988923795115,0.9082665697294033
05528500,Q_mean,0.984316631580813,1.230874638052301
05529000,Q_mean,1.1112034015973402,0.9916835082279833
05529500,Q_mean,0.8697719560689764,1.3017371115372771
05530990,Q_mean,1.269195963474487,1.1306158526536234
05531500,Q_mean,1.6413827257475953,1.3007878635525054
05532000,Q_mean,1.1776219647243604,1.3934767265865498
05532500,Q_mean,1.2036416950409126,1.0787992290701096
05533000,Q_mean,1.8266143213658101,1.2039948925575714
05534500,Q_mean,1.0793956736454968,1.129723404945529
05535000,Q_mean,1.162490593231203,1.0866728567353865
05535070,Q_mean,1.1796297523122685,1.1398037212620205
05535500,Q_mean,1.4210004832914462,1.1848601607084959
05536000,Q_mean,1.2707500155567775,1.1463101413436119
05536195,Q_mean,0.606636602493917,1.0546867676786666
05536215,Q_mean,1.8399737390156807,1.0791079900559133
05536235,Q_mean,0.979251289108589,1.1671593025621991
05536255,Q_mean,0.9368828905546942,1.2306757373544757
05536275,Q_mean,1.1680093981456021,1.0231555160982446
05536290,Q_mean,0.8800076908350835,1.0109174896696527
05536340,Q_mean,1.2177045430519942,1.1547030836178882
05536500,Q_mean,1.249169855354048,1.1508112333681835
05537500,Q_mean,1.0926571143094033,1.0714566547050544
05539000,Q_mean,1.071286642979452,1.0227365512437052
05539900,Q_mean,1.5945912765785906,1.1504234570888974
05540095,Q_mean,1.314106439301552,1.2069350168878852
05540500,Q_mean,1.3364737576034065,1.2125591522742512
05543830,Q_mean,0.9654461711474687,0.8881812467585746
05544200,Q_mean,0.7577428212137122,0.8815923611844905
05548280,Q_mean,0.8180011462609889,0.8878568869410391
05550500,Q_mean,0.9255800065493451,1.0770025537487165
05551200,Q_mean,0.9135314488426157,0.9523403631060575
05551700,Q_mean,0.816246906292704,0.9805578984378881
05568800,Q_mean,0.8496647978692492,0.880269425089943
05569500,Q_mean,0.7858532960245646,0.886381862049075
05577500,Q_mean,0.6848498009303235,0.8879752386721161
05579500,Q_mean,0.8343843396743655,0.8783642316542328
05580000,Q_mean,0.8660602373075194,0.9183105182693362
05580950,Q_mean,1.5740893263776807,1.0662735321326955
05587900,Q_mean,0.8319411400901573,0.8873769019989034
05588000,Q_mean,0.8485395607647571,0.8658059998290208
05590800,Q_mean,0.8632787285272746,0.9350011193026724
05591200,Q_mean,0.9080138549874177,0.9394875373013291
05591550,Q_mean,0.903942570195064,0.88040439853959
05591700,Q_mean,0.9069719708341664,0.8985911171655655
05592050,Q_mean,0.8305058289837685,0.8939202751568867
05593900,Q_mean,0.8462793891694165,0.8717453272133763
06062500,Q_mean,0.49447456534289785,0.6770056961562044
06204050,Q_mean,2.1487462505291135,2.31667208037938
06295113,Q_mean,0.07141370928295036,0.17786298814816404
06332515,Q_mean,0.05074931411650501,0.11022905353276304
06409000,Q_mean,0.18691156238751128,0.3566299322381223
06410500,Q_mean,0.19434434998791789,0.2646863518518093
06421500,Q_mean,0.14957606364604822,0.1823036066589708
06436190,Q_mean,0.368015008080442,0.27458468490540294
06453600,Q_mean,0.14278180295303802,0.2145351293669022
06470800,Q_mean,0.07028793095690433,0.2029813493197594
06470878,Q_mean,0.06705761205268364,0.10930035150481673
06471000,Q_mean,0.0465821786488018,0.12063669780830447
06614800,Q_mean,1.843303541997884,2.5535470871614208
06622700,Q_mean,1.2412837355910242,1.2697803002134957
06632400,Q_mean,1.1760931620171315,1.0713863537068389
06712000,Q_mean,0.05143296854481217,0.10942549540775996
06746095,Q_mean,2.799209990182231,2.1234242900374545
06803000,Q_mean,0.3321772767556578,0.4068011132459965
06803510,Q_mean,0.3337646962782888,0.3773764870362522
06803520,Q_mean,0.4482817110393127,0.39642133230321325
06803530,Q_mean,0.34739136140552607,0.37445998965674404
06804000,Q_mean,0.3829479273343498,0.4749599297770215
06823500,Q_mean,0.017901608320417952,0.10211404946753473
06879650,Q_mean,0.4374327701521513,0.6490051559806309
06893080,Q_mean,0.858783007811719,1.0290275464281342
06893300,Q_mean,1.6123789477064088,1.0402730048424043
06893500,Q_mean,1.1274846265831746,1.0716858016570814
07083000,Q_mean,1.1971764206662678,1.2345115567857217
07105900,Q_mean,0.031176933158767448,0.08260004642914193
07106300,Q_mean,0.16625724947296935,0.1362861743492512
07195500,Q_mean,1.134011814347732,1.084351045143578
07195800,Q_mean,1.0456111556136052,1.0691199229664532
07195855,Q_mean,0.8964607218715627,1.0962674363597595
07196000,Q_mean,1.0848526411358856,1.0236559991234602
07196500,Q_mean,1.1361977794033096,1.0907280295048296
07196900,Q_mean,1.188509132150538,1.141604940352046
07197000,Q_mean,1.1809172136348867,1.0902044006382323
07340300,Q_mean,2.059532427644735,2.7213238376310884
07352000,Q_mean,1.177912390427624,1.4757137680253085
08010000,Q_mean,1.9193268129916177,1.485562855242209
08012000,Q_mean,1.514686352393137,1.7003582294257937
08017200,Q_mean,0.8223949849160922,1.0042022006411833
08017300,Q_mean,1.0103517572159446,0.8827344284874356
08023080,Q_mean,1.033318231258124,1.0468550570044248
08025500,Q_mean,1.1879354820343255,1.129731219276089
08029500,Q_mean,1.1034171572634397,1.2929400476878945
08049700,Q_mean,0.4609203634615705,0.6421948800167676
08061540,Q_mean,1.4640585360943075,0.8303848286366283
08066300,Q_mean,0.8584674437105075,1.0651206201133443
08068500,Q_mean,0.8058464976835645,0.9197228541864999
08068720,Q_mean,0.4766354395243101,0.7474561646823209
08068740,Q_mean,0.6054291611755491,0.7518175972862524
08069000,Q_mean,0.9004733768727295,0.9557394420838479
08070000,Q_mean,0.7417373392431588,0.9086528666252771
08070500,Q_mean,0.7966666720765423,0.8441618744614203
08072730,Q_mean,1.2226533265145132,1.0291838246983713
08074500,Q_mean,1.7697844279154331,1.6587970257468652
08075000,Q_mean,2.853262226062811,1.521223723053148
08075730,Q_mean,1.7543215227914706,1.8636480807021547
08075770,Q_mean,1.5607829796499515,1.9104248304514362
08076000,Q_mean,2.0882119776376546,1.533153486518906
08078000,Q_mean,1.2290416186631334,1.423249061834571
08082700,Q_mean,0.08688885298970105,0.13765890060934066
08083100,Q_mean,0.017818231266456687,0.06975801905770536
08084000,Q_mean,0.027215546039146072,0.09094605275035364
08084800,Q_mean,0.08801242071626171,0.08479568175604282
08085500,Q_mean,0.04725154229785356,0.11197702125038456
08103900,Q_mean,0.27197839774147575,0.35712478296805583
08104900,Q_mean,0.3478989120275472,0.3890871344068896
08110325,Q_mean,0.5141401499495886,0.6278210772150348
08110430,Q_mean,0.5638250247725227,0.7581860519802106
08115000,Q_mean,0.8502498643358182,1.216686270612394
08154700,Q_mean,0.6002671435377295,0.6752981696231123
08155300,Q_mean,0.36108347832508425,0.6042246832827114
08158600,Q_mean,0.6485417054523712,0.6650826540929893
08158700,Q_mean,0.3916802253003867,0.49739725691341946
08158810,Q_mean,0.5499401804819517,0.49958761068086804
08160800,Q_mean,0.35576432722885143,0.7249563688589233
08164450,Q_mean,0.6582034242031876,0.6897981839026209
08164503,Q_mean,0.8327433836824649,0.85439737880592
08164600,Q_mean,0.48484440668016515,0.686615203786715
08164800,Q_mean,0.7266312868608971,0.8147539965581371
08165300,Q_mean,0.18930868997683567,0.30266730289808924
08167000,Q_mean,0.2747917430361131,0.2663977532936944
08167500,Q_mean,0.2980082322684398,0.2878952569014305
08169000,Q_mean,2.136926564587291,0.39436054245031593
08171000,Q_mean,0.42249705446330366,0.3599409526841538
08171300,Q_mean,0.35622889015056836,0.43204020241528257
08172000,Q_mean,0.5005167048378495,0.4777528716370697
08181400,Q_mean,0.27138290653259217,0.6303561036065871
08185000,Q_mean,0.11761887463676199,0.6636010403394281
08186000,Q_mean,0.17886096864480214,0.5499264077748722
08189200,Q_mean,0.6046308352789721,0.5663779002346733
08189700,Q_mean,0.12036144721986132,0.42475643916811906
08200000,Q_mean,0.39454874805852735,0.3014641615061645
08201500,Q_mean,0.33254981690399665,0.32046818155741086
08211520,Q_mean,0.3076413488255342,0.34237655506379755
08265000,Q_mean,0.3754926037187947,0.4093169375623961
08267500,Q_mean,0.8455198527901846,0.7357270821870521
08275500,Q_mean,0.2058750918360595,0.34440555431862285
08276300,Q_mean,0.14392462313768625,0.28333265578114475
08291000,Q_mean,0.33255670761282796,0.28263667543425963
08294210,Q_mean,0.34461452047950913,0.3805223983940094
08316000,Q_mean,0.38226520689389404,0.3923934740253537
08377900,Q_mean,0.5841765126320702,0.7991484113359001
09024000,Q_mean,0.6917822787346265,1.0588215280554512
09025000,Q_mean,0.588003882434673,0.8759904535556899
09026500,Q_mean,0.6605424476698164,0.8345038972534539
09032000,Q_mean,0.6463038492796553,0.9318394452749365
09034900,Q_mean,1.615101812143786,1.0790092540064697
09035700,Q_mean,1.0983884490155151,1.008688899640928
09035900,Q_mean,1.1530274510778165,0.9920069173767242
09036000,Q_mean,1.0882950530342805,0.8605966191720028
09046600,Q_mean,0.742738954135836,0.9080206367662317
09047700,Q_mean,0.674840685918908,0.9146301128749648
09050100,Q_mean,1.1478811578696295,0.9062438575594617
09063900,Q_mean,1.1540390839645198,1.0966975327353812
09066200,Q_mean,1.7209549397164452,0.8699791977025285
09066300,Q_mean,0.8424920002249777,0.8812369047107708
09067000,Q_mean,0.8391864938035567,0.897970367910533
09073300,Q_mean,0.8009645952071457,1.0424518661717588
09073400,Q_mean,0.8460281813672801,0.9562553509021064
09081600,Q_mean,1.6654924114255238,1.2925126226615369
09085000,Q_mean,0.7565781144885511,0.9573126681186139
09126000,Q_mean,1.362667154209579,0.9127721298326715
09146200,Q_mean,1.0485539020014667,0.9113095517258053
09147500,Q_mean,0.5328823266465019,0.6283384405447536
09149500,Q_mean,0.2818293710649769,0.18403033604285457
09261700,Q_mean,0.4773769969419726,0.33340471323395343
09266500,Q_mean,0.8206199015910909,0.752318743132242
09306242,Q_mean,0.042732959112422086,0.21747812370745953
09310700,Q_mean,0.6085073865381734,0.5121603296900434
09312600,Q_mean,0.2825091466103389,0.3985885076182633
09337000,Q_mean,0.07326204945172757,0.325923254302518
09352900,Q_mean,1.8390065879412063,1.2603518348536804
09354500,Q_mean,0.4056262462128788,0.40072984652637034
09378630,Q_mean,0.21181321522639393,0.3945557464262556
09403600,Q_mean,0.0499452483605806,0.16494157772103563
09404450,Q_mean,0.1939051613692797,0.20325173297024457
09408000,Q_mean,0.41872835015040183,0.20662727127572042
09408400,Q_mean,0.4755172040066826,0.29374777339205527
09423350,Q_mean,0.09212541999224853,0.23006320656354126
09430600,Q_mean,0.38694532415925054,0.3340342302963067
09480000,Q_mean,0.03760015321961148,0.14676148787086457
09492400,Q_mean,0.580280964593124,0.6130157709352415
09497800,Q_mean,0.11993155241511949,0.20806724246277958
09497980,Q_mean,0.13354089243575645,0.24288106179518623
09508300,Q_mean,0.3433268145477119,0.16534310929883672
09512280,Q_mean,0.07307249253199675,0.1470150114585932
09513780,Q_mean,0.12903146333075025,0.10703746842967574
09513860,Q_mean,0.017504197684398228,0.27043184729150993
10134500,Q_mean,0.37736400961987127,0.4277171293882045
10136500,Q_mean,0.27008222647318597,0.3135311126123388
10141000,Q_mean,0.1846769123275172,0.4181013053903592
10146400,Q_mean,0.08944326180506948,0.1975638372228275
10172700,Q_mean,0.1321714710887419,0.2786056244459221
10172800,Q_mean,1.4054423135478136,1.241604716605587
10172952,Q_mean,0.529023649262157,0.5073568448318321
10173450,Q_mean,0.4405220588337,0.4867534318053859
10183500,Q_mean,0.10348039289821018,0.21228590076559273
10215900,Q_mean,0.9004378493379832,0.5526527580786773
10244950,Q_mean,0.5022944133607472,0.3790653612188426
10249280,Q_mean,0.3315522371783655,0.3285534557574152
10249300,Q_mean,0.3033867997283604,0.3754275237498669
10258000,Q_mean,0.25179242347873915,0.30814590971418254
10259000,Q_mean,0.29375605013456985,0.2107950669559848
10259200,Q_mean,0.05433590915283473,0.22564324663036675
10311100,Q_mean,0.24010728868209694,0.5104845669226721
10311200,Q_mean,0.6661115758507481,0.3955032279066519
10336645,Q_mean,2.033846944403476,1.718705930448234
10336660,Q_mean,2.8619679284050763,2.678326832034524
10336676,Q_mean,2.539582180238226,2.8163113528002333
10336698,Q_mean,0.9103397729831185,1.0410331582672074
10336780,Q_mean,0.9246279169458054,1.076936637131789
10343500,Q_mean,0.9901671557906709,0.9930229826538263
10348460,Q_mean,1.1463588617627316,0.8413265987967372
10349300,Q_mean,0.13832275456204382,0.3314835210117636
10349980,Q_mean,0.21320660218126236,0.22685355342032662
11023340,Q_mean,0.2713363707858381,0.3630109470685782
11055500,Q_mean,0.3809542249775022,0.34928163479955737
11055800,Q_mean,0.4677082091978302,0.4489898345861136
11058500,Q_mean,0.5428722367398319,0.4678258019258955
11063680,Q_mean,0.547943686118888,0.41609738862803786
11065000,Q_mean,0.03849888782487936,0.3940641488393924
11073360,Q_mean,0.2591360372150286,0.3147343368167102
11075800,Q_mean,0.3810802639569376,0.41961141256911244
11097000,Q_mean,0.16505043536479685,0.33583420420378396
11098000,Q_mean,0.517129955091991,0.3813118891409649
11101250,Q_mean,0.5168368757270108,0.5297250855522396
11102300,Q_mean,0.9847309622871042,0.36705929769975953
11119500,Q_mean,0.3193799753149685,0.41469603032402663
11119750,Q_mean,0.29311696939901655,0.41083052241118334
11119940,Q_mean,0.28198087120871246,0.39959265269793043
11120000,Q_mean,0.35986109188664467,0.35536764391377623
11120500,Q_mean,0.5229459652167691,0.34955512203693445
11141280,Q_mean,0.3833961411983804,0.39686769562449176
11159200,Q_mean,0.5744261191443357,0.6870215802989056
11160000,Q_mean,0.9691960049474222,0.9622571228983908
11160500,Q_mean,1.0791826645106322,1.0756192695146116
11162500,Q_mean,0.814469500727011,0.7730616715795829
11162630,Q_mean,0.5808233413658634,0.8505264565008291
11169500,Q_mean,0.8570683469446285,0.7404085900159986
11180825,Q_mean,0.3407918979502082,0.4671458225339776
11180960,Q_mean,0.4426671776218213,0.42009219435430506
11181008,Q_mean,0.5989236495079657,0.43597941611873386
11182500,Q_mean,0.4461042524955836,0.4238706221277433
11200800,Q_mean,0.3175509806165217,0.42402017184138635
11208000,Q_mean,0.8060622731733318,1.4592383278151673
11230215,Q_mean,0.40383647530228434,1.504045707769434
11230500,Q_mean,1.6777569995667097,0.9328547053697592
11234760,Q_mean,0.4599598623991769,1.1039329735696022
11237500,Q_mean,1.803944384109506,1.0262246709365381
11284400,Q_mean,0.5359450755716098,0.8403297551595461
11315000,Q_mean,2.8472265206312692,2.0951053700271305
11316800,Q_mean,1.0263301895643768,1.302184747830939
11317000,Q_mean,0.9512819986772157,1.167893608383038
11376025,Q_mean,0.7704973139960853,1.341252790221783
11376550,Q_mean,1.2351287613038262,1.1774269971214868
11381500,Q_mean,2.159178210366466,1.8803325361858634
11409400,Q_mean,0.7203490544112261,2.2761586540578658
11421790,Q_mean,1.312717907200201,1.823417463072733
11427700,Q_mean,3.9898092696147054,2.0874649799385514
11427750,Q_mean,1.5097086292641557,3.551529819902961
11435100,Q_mean,4.338268470586275,2.4747720904383432
11436000,Q_mean,2.2844433991580013,2.551988858108053
11439500,Q_mean,1.7693080010373963,2.1593580306800124
11449500,Q_mean,1.7150197451254872,1.3599035356774316
11459500,Q_mean,0.6279104599394227,0.8285675766377399
11463170,Q_mean,3.0092730023914283,1.4661725636068403
11475560,Q_mean,3.362638953560894,4.635723136616858
11476600,Q_mean,3.452523511940015,2.384381533969624
12010000,Q_mean,7.399875440445541,8.559496526960503
12025700,Q_mean,4.778332675255392,3.108328234842204
12026150,Q_mean,3.823958787112956,2.8532447349876295
12026400,Q_mean,2.8781870979985333,2.443828121057461
12027500,Q_mean,2.986112978681298,2.817912170412501
12031000,Q_mean,2.9387284898385166,2.7936265932717954
12035400,Q_mean,11.901952927084302,9.28749218084083
12036000,Q_mean,11.02563716136928,9.710636229260766
12037400,Q_mean,7.82071098323769,8.826069023707838
12054000,Q_mean,5.969249509711529,6.8413004851935835
12056500,Q_mean,8.872180377139367,7.699019484692969
12091100,Q_mean,1.093492496504765,1.3677169273674508
12091200,Q_mean,1.1561133170676652,1.555495294647747
12099600,Q_mean,2.017693622658185,3.4528095053131556
12108500,Q_mean,1.9336283966624155,2.451864949850747
12113000,Q_mean,3.087828131918058,3.716160262199766
12115000,Q_mean,5.972906030801086,6.399530407354432
12115500,Q_mean,6.888253444007683,6.448486173197374
12119000,Q_mean,3.67811264637078,5.9376853623686845
12121600,Q_mean,2.1120847856755987,2.956026458122139
12143400,Q_mean,6.691356243332399,7.574117582389829
12143700,Q_mean,15.262046198828038,6.227644336855734
12143900,Q_mean,7.336717928513399,8.471912620671407
12147600,Q_mean,9.779043420647517,7.837602473853967
12149000,Q_mean,5.675936140465119,6.564832338378392
12178100,Q_mean,6.283874500885329,6.150815490114882
12330000,Q_mean,0.5721637435656489,1.1746686008195422
12332000,Q_mean,0.885387763927552,0.9047179427169241
12447390,Q_mean,1.3876252364951007,1.6984674185224546
13018300,Q_mean,1.0730834341357538,1.3767421462507472
13083000,Q_mean,0.2598394327384483,0.30752774482875894
13239000,Q_mean,2.2306423431823483,2.1646877931399438
13240000,Q_mean,2.806508462397177,2.0745087548228587
13297330,Q_mean,0.5199407812468753,0.6555452750150416
13346800,Q_mean,0.400277612636653,0.9139490996315002
14015000,Q_mean,0.8354931296182881,1.5399820930560175
14018500,Q_mean,0.3327384508715796,0.5088839749021791
14138800,Q_mean,6.391997763642386,6.205455958614096
14138850,Q_mean,7.8256611135053165,6.372395331460482
14138870,Q_mean,6.023049560895994,6.97709613039213
14138900,Q_mean,8.102363913712795,7.300378319161984
14139800,Q_mean,6.798444870317135,6.35684365307579
14140000,Q_mean,5.043515985111905,6.5568783338381404
14158790,Q_mean,5.205198740215561,5.725495889481963
14158850,Q_mean,5.072992616365447,3.3969853793177425
14182500,Q_mean,5.993006799703363,5.16257069700989
14211500,Q_mean,1.8079964428045117,2.431132156588217
14219800,Q_mean,7.5521774771126475,8.301586743784565
14309500,Q_mean,2.500985203306753,2.370060950770505
14310000,Q_mean,1.4620058441614172,1.28793485482559
14314500,Q_mean,0.8373029363626142,2.6813758267468932
14316500,Q_mean,2.82043331132236,2.1481076091716544
